embedding_row,image_id,path,resolved_path,category,source_group,place_name,subject_name,model_name,embedding_version,embedding_dim
0,raw_1e0c34f4ae,arbor/flower/맥문동/nature7_1.jpg,/Users/ksc/python/cap_project/reranker/data/raw/arbor/flower/맥문동/nature7_1.jpg,arbor,flower,,맥문동,vit_base_patch14_dinov2,dinov2_vit_base_patch14_timm_v1,768
1,raw_bc5f26f1fa,arbor/flower/산딸기/nature13_1.jpg,/Users/ksc/python/cap_project/reranker/data/raw/arbor/flower/산딸기/nature13_1.jpg,arbor,flower,,산딸기,vit_base_patch14_dinov2,dinov2_vit_base_patch14_timm_v1,768
2,raw_0a5bd0d204,arbor/flower/산수국/nature11_1.jpg,/Users/ksc/python/cap_project/reranker/data/raw/arbor/flower/산수국/nature11_1.jpg,arbor,flower,,산수국,vit_base_patch14_dinov2,dinov2_vit_base_patch14_timm_v1,768
3,raw_0265165be9,arbor/flower/산수국/nature11_2.jpg,/Users/ksc/python/cap_project/reranker/data/raw/arbor/flower/산수국/nature11_2.jpg,arbor,flower,,산수국,vit_base_patch14_dinov2,dinov2_vit_base_patch14_timm_v1,768
4,raw_c310b5be34,arbor/flower/수련/nature10_1.jpg,/Users/ksc/python/cap_project/reranker/data/raw/arbor/flower/수련/nature10_1.jpg,arbor,flower,,수련,vit_base_patch14_dinov2,dinov2_vit_base_patch14_timm_v1,768
5,raw_ebe21d1cfd,arbor/flower/수련/nature10_2.jpg,/Users/ksc/python/cap_project/reranker/data/raw/arbor/flower/수련/nature10_2.jpg,arbor,flower,,수련,vit_base_patch14_dinov2,dinov2_vit_base_patch14_timm_v1,768
6,raw_a872414c95,arbor/flower/쑥부쟁이/nature17_1.jpg,/Users/ksc/python/cap_project/reranker/data/raw/arbor/flower/쑥부쟁이/nature17_1.jpg,arbor,flower,,쑥부쟁이,vit_base_patch14_dinov2,dinov2_vit_base_patch14_timm_v1,768
7,raw_7d25734664,arbor/flower/잔대/nature6_1.jpg,/Users/ksc/python/cap_project/reranker/data/raw/arbor/flower/잔대/nature6_1.jpg,arbor,flower,,잔대,vit_base_patch14_dinov2,dinov2_vit_base_patch14_timm_v1,768
8,raw_c9fb41f69a,arbor/flower/잔대/nature6_2.jpg,/Users/ksc/python/cap_project/reranker/data/raw/arbor/flower/잔대/nature6_2.jpg,arbor,flower,,잔대,vit_base_patch14_dinov2,dinov2_vit_base_patch14_timm_v1,768
9,raw_787ceac869,arbor/flower/진달래/nature15_1.jpg,/Users/ksc/python/cap_project/reranker/data/raw/arbor/flower/진달래/nature15_1.jpg,arbor,flower,,진달래,vit_base_patch14_dinov2,dinov2_vit_base_patch14_timm_v1,768
10,raw_d5d3c67349,arbor/flower/참나리/nature5_1.jpg,/Users/ksc/python/cap_project/reranker/data/raw/arbor/flower/참나리/nature5_1.jpg,arbor,flower,,참나리,vit_base_patch14_dinov2,dinov2_vit_base_patch14_timm_v1,768
11,raw_a0ba1b33b2,arbor/flower/참나리/nature5_2.jpg,/Users/ksc/python/cap_project/reranker/data/raw/arbor/flower/참나리/nature5_2.jpg,arbor,flower,,참나리,vit_base_patch14_dinov2,dinov2_vit_base_patch14_timm_v1,768
12,raw_d33f8a9f18,arbor/flower/참취/nature16_1.jpg,/Users/ksc/python/cap_project/reranker/data/raw/arbor/flower/참취/nature16_1.jpg,arbor,flower,,참취,vit_base_patch14_dinov2,dinov2_vit_base_patch14_timm_v1,768
13,raw_62d8284f86,arbor/tree/감나무/nature9_1.jpg,/Users/ksc/python/cap_project/reranker/data/raw/arbor/tree/감나무/nature9_1.jpg,arbor,tree,,감나무,vit_base_patch14_dinov2,dinov2_vit_base_patch14_timm_v1,768
14,raw_7885a42d00,arbor/tree/감나무/nature9_2.jpg,/Users/ksc/python/cap_project/reranker/data/raw/arbor/tree/감나무/nature9_2.jpg,arbor,tree,,감나무,vit_base_patch14_dinov2,dinov2_vit_base_patch14_timm_v1,768
15,raw_208d2d0895,arbor/tree/느티나무/nature3_1.jpg,/Users/ksc/python/cap_project/reranker/data/raw/arbor/tree/느티나무/nature3_1.jpg,arbor,tree,,느티나무,vit_base_patch14_dinov2,dinov2_vit_base_patch14_timm_v1,768
16,raw_1a9d7aebc4,arbor/tree/느티나무/nature3_2.jpg,/Users/ksc/python/cap_project/reranker/data/raw/arbor/tree/느티나무/nature3_2.jpg,arbor,tree,,느티나무,vit_base_patch14_dinov2,dinov2_vit_base_patch14_timm_v1,768
17,raw_ffb8abb1a8,arbor/tree/리기다소나무/nature19_1.jpg,/Users/ksc/python/cap_project/reranker/data/raw/arbor/tree/리기다소나무/nature19_1.jpg,arbor,tree,,리기다소나무,vit_base_patch14_dinov2,dinov2_vit_base_patch14_timm_v1,768
18,raw_f780aa4ac0,arbor/tree/매화나무/nature8_1.jpg,/Users/ksc/python/cap_project/reranker/data/raw/arbor/tree/매화나무/nature8_1.jpg,arbor,tree,,매화나무,vit_base_patch14_dinov2,dinov2_vit_base_patch14_timm_v1,768
19,raw_ee1fcb1b36,arbor/tree/모과나무/nature1_1.jpg,/Users/ksc/python/cap_project/reranker/data/raw/arbor/tree/모과나무/nature1_1.jpg,arbor,tree,,모과나무,vit_base_patch14_dinov2,dinov2_vit_base_patch14_timm_v1,768
20,raw_ad26a620af,arbor/tree/모과나무/nature1_2.jpg,/Users/ksc/python/cap_project/reranker/data/raw/arbor/tree/모과나무/nature1_2.jpg,arbor,tree,,모과나무,vit_base_patch14_dinov2,dinov2_vit_base_patch14_timm_v1,768
21,raw_efe4c4c060,arbor/tree/배롱나무/nature2_1.jpg,/Users/ksc/python/cap_project/reranker/data/raw/arbor/tree/배롱나무/nature2_1.jpg,arbor,tree,,배롱나무,vit_base_patch14_dinov2,dinov2_vit_base_patch14_timm_v1,768
22,raw_88ef9cd227,arbor/tree/배롱나무/nature2_2.jpg,/Users/ksc/python/cap_project/reranker/data/raw/arbor/tree/배롱나무/nature2_2.jpg,arbor,tree,,배롱나무,vit_base_patch14_dinov2,dinov2_vit_base_patch14_timm_v1,768
23,raw_8b1075a2ae,arbor/tree/산수유나무/nature14_1.jpg,/Users/ksc/python/cap_project/reranker/data/raw/arbor/tree/산수유나무/nature14_1.jpg,arbor,tree,,산수유나무,vit_base_patch14_dinov2,dinov2_vit_base_patch14_timm_v1,768
24,raw_95003c4a96,arbor/tree/소나무/nature18_1.jpg,/Users/ksc/python/cap_project/reranker/data/raw/arbor/tree/소나무/nature18_1.jpg,arbor,tree,,소나무,vit_base_patch14_dinov2,dinov2_vit_base_patch14_timm_v1,768
25,raw_5fc542c1f1,arbor/tree/소사나무/nature4_1.jpg,/Users/ksc/python/cap_project/reranker/data/raw/arbor/tree/소사나무/nature4_1.jpg,arbor,tree,,소사나무,vit_base_patch14_dinov2,dinov2_vit_base_patch14_timm_v1,768
26,raw_12f7b0ac6f,arbor/tree/소사나무/nature4_2.jpg,/Users/ksc/python/cap_project/reranker/data/raw/arbor/tree/소사나무/nature4_2.jpg,arbor,tree,,소사나무,vit_base_patch14_dinov2,dinov2_vit_base_patch14_timm_v1,768
27,raw_502843a887,arbor/tree/팥배나무/nature12_1.jpg,/Users/ksc/python/cap_project/reranker/data/raw/arbor/tree/팥배나무/nature12_1.jpg,arbor,tree,,팥배나무,vit_base_patch14_dinov2,dinov2_vit_base_patch14_timm_v1,768
28,raw_4c231302c4,course/고송길.jpg,/Users/ksc/python/cap_project/reranker/data/raw/course/고송길.jpg,course,course,고송길,,vit_base_patch14_dinov2,dinov2_vit_base_patch14_timm_v1,768
29,raw_83afcab58c,course/모과길.jpg,/Users/ksc/python/cap_project/reranker/data/raw/course/모과길.jpg,course,course,모과길,,vit_base_patch14_dinov2,dinov2_vit_base_patch14_timm_v1,768
30,raw_67ac209ecc,course/목련길.jpg,/Users/ksc/python/cap_project/reranker/data/raw/course/목련길.jpg,course,course,목련길,,vit_base_patch14_dinov2,dinov2_vit_base_patch14_timm_v1,768
31,raw_e9b4c4e62c,course/백일홍길.jpg,/Users/ksc/python/cap_project/reranker/data/raw/course/백일홍길.jpg,course,course,백일홍길,,vit_base_patch14_dinov2,dinov2_vit_base_patch14_timm_v1,768
32,raw_bd5e1ed808,gallery/건축/가가빈빈/space13_1_2.jpg,/Users/ksc/python/cap_project/reranker/data/raw/gallery/건축/가가빈빈/space13_1_2.jpg,gallery,건축,가가빈빈,,vit_base_patch14_dinov2,dinov2_vit_base_patch14_timm_v1,768
33,raw_fcc719818b,gallery/건축/가가빈빈/가가빈빈.jpg,/Users/ksc/python/cap_project/reranker/data/raw/gallery/건축/가가빈빈/가가빈빈.jpg,gallery,건축,가가빈빈,,vit_base_patch14_dinov2,dinov2_vit_base_patch14_timm_v1,768
34,raw_85061583f9,gallery/건축/내심낙원/space4_1_1.jpg,/Users/ksc/python/cap_project/reranker/data/raw/gallery/건축/내심낙원/space4_1_1.jpg,gallery,건축,내심낙원,,vit_base_patch14_dinov2,dinov2_vit_base_patch14_timm_v1,768
35,raw_3c9ded0c31,gallery/건축/내심낙원/space4_1_2.jpg,/Users/ksc/python/cap_project/reranker/data/raw/gallery/건축/내심낙원/space4_1_2.jpg,gallery,건축,내심낙원,,vit_base_patch14_dinov2,dinov2_vit_base_patch14_timm_v1,768
36,raw_34afd0c0b1,gallery/건축/내심낙원/space4_1_3.jpg,/Users/ksc/python/cap_project/reranker/data/raw/gallery/건축/내심낙원/space4_1_3.jpg,gallery,건축,내심낙원,,vit_base_patch14_dinov2,dinov2_vit_base_patch14_timm_v1,768
37,raw_d64c6196f5,gallery/건축/내심낙원/space4_3_1.jpg,/Users/ksc/python/cap_project/reranker/data/raw/gallery/건축/내심낙원/space4_3_1.jpg,gallery,건축,내심낙원,,vit_base_patch14_dinov2,dinov2_vit_base_patch14_timm_v1,768
38,raw_172c623e65,gallery/건축/내심낙원/space4_3_2.jpg,/Users/ksc/python/cap_project/reranker/data/raw/gallery/건축/내심낙원/space4_3_2.jpg,gallery,건축,내심낙원,,vit_base_patch14_dinov2,dinov2_vit_base_patch14_timm_v1,768
39,raw_d4519f9f1c,gallery/건축/내심낙원/space4_3_3.jpg,/Users/ksc/python/cap_project/reranker/data/raw/gallery/건축/내심낙원/space4_3_3.jpg,gallery,건축,내심낙원,,vit_base_patch14_dinov2,dinov2_vit_base_patch14_timm_v1,768
40,raw_01461f5add,gallery/건축/내심낙원/space4_4_1.jpg,/Users/ksc/python/cap_project/reranker/data/raw/gallery/건축/내심낙원/space4_4_1.jpg,gallery,건축,내심낙원,,vit_base_patch14_dinov2,dinov2_vit_base_patch14_timm_v1,768
41,raw_a2e4454028,gallery/건축/내심낙원/space4_4_2.jpg,/Users/ksc/python/cap_project/reranker/data/raw/gallery/건축/내심낙원/space4_4_2.jpg,gallery,건축,내심낙원,,vit_base_patch14_dinov2,dinov2_vit_base_patch14_timm_v1,768
42,raw_297d31b4ef,gallery/건축/내심낙원/space4_4_3.jpg,/Users/ksc/python/cap_project/reranker/data/raw/gallery/건축/내심낙원/space4_4_3.jpg,gallery,건축,내심낙원,,vit_base_patch14_dinov2,dinov2_vit_base_patch14_timm_v1,768
43,raw_7a7dc4ec93,gallery/건축/내심낙원/space4_4_4.jpg,/Users/ksc/python/cap_project/reranker/data/raw/gallery/건축/내심낙원/space4_4_4.jpg,gallery,건축,내심낙원,,vit_base_patch14_dinov2,dinov2_vit_base_patch14_timm_v1,768
44,raw_02637927ae,gallery/건축/명정/space10_1_1.jpg,/Users/ksc/python/cap_project/reranker/data/raw/gallery/건축/명정/space10_1_1.jpg,gallery,건축,명정,,vit_base_patch14_dinov2,dinov2_vit_base_patch14_timm_v1,768
45,raw_4220680f47,gallery/건축/명정/space10_1_2.jpg,/Users/ksc/python/cap_project/reranker/data/raw/gallery/건축/명정/space10_1_2.jpg,gallery,건축,명정,,vit_base_patch14_dinov2,dinov2_vit_base_patch14_timm_v1,768
46,raw_c6acb786d6,gallery/건축/명정/space10_1_3.jpg,/Users/ksc/python/cap_project/reranker/data/raw/gallery/건축/명정/space10_1_3.jpg,gallery,건축,명정,,vit_base_patch14_dinov2,dinov2_vit_base_patch14_timm_v1,768
47,raw_1eeb7232a9,gallery/건축/명정/space10_2.jpg,/Users/ksc/python/cap_project/reranker/data/raw/gallery/건축/명정/space10_2.jpg,gallery,건축,명정,,vit_base_patch14_dinov2,dinov2_vit_base_patch14_timm_v1,768
48,raw_6dbf633ec2,gallery/건축/명정/space10_3_1.jpg,/Users/ksc/python/cap_project/reranker/data/raw/gallery/건축/명정/space10_3_1.jpg,gallery,건축,명정,,vit_base_patch14_dinov2,dinov2_vit_base_patch14_timm_v1,768
49,raw_6ff92895f4,gallery/건축/명정/space10_3_2.jpg,/Users/ksc/python/cap_project/reranker/data/raw/gallery/건축/명정/space10_3_2.jpg,gallery,건축,명정,,vit_base_patch14_dinov2,dinov2_vit_base_patch14_timm_v1,768
50,raw_cd25401948,gallery/건축/명정/space10_3_3.jpg,/Users/ksc/python/cap_project/reranker/data/raw/gallery/건축/명정/space10_3_3.jpg,gallery,건축,명정,,vit_base_patch14_dinov2,dinov2_vit_base_patch14_timm_v1,768
51,raw_c52de39b35,gallery/건축/명정/space10_4_1.jpg,/Users/ksc/python/cap_project/reranker/data/raw/gallery/건축/명정/space10_4_1.jpg,gallery,건축,명정,,vit_base_patch14_dinov2,dinov2_vit_base_patch14_timm_v1,768
52,raw_ff74488cd9,gallery/건축/명정/space10_4_2.jpg,/Users/ksc/python/cap_project/reranker/data/raw/gallery/건축/명정/space10_4_2.jpg,gallery,건축,명정,,vit_base_patch14_dinov2,dinov2_vit_base_patch14_timm_v1,768
53,raw_2f24639a54,gallery/건축/명정/space10_4_3.jpg,/Users/ksc/python/cap_project/reranker/data/raw/gallery/건축/명정/space10_4_3.jpg,gallery,건축,명정,,vit_base_patch14_dinov2,dinov2_vit_base_patch14_timm_v1,768
54,raw_9fe8761d5a,gallery/건축/명정/space10_4_4.jpg,/Users/ksc/python/cap_project/reranker/data/raw/gallery/건축/명정/space10_4_4.jpg,gallery,건축,명정,,vit_base_patch14_dinov2,dinov2_vit_base_patch14_timm_v1,768
55,raw_ba590eff03,gallery/건축/명정/space10_4_5.jpg,/Users/ksc/python/cap_project/reranker/data/raw/gallery/건축/명정/space10_4_5.jpg,gallery,건축,명정,,vit_base_patch14_dinov2,dinov2_vit_base_patch14_timm_v1,768
56,raw_42302a40a4,gallery/건축/명정/space10_4_6.jpg,/Users/ksc/python/cap_project/reranker/data/raw/gallery/건축/명정/space10_4_6.jpg,gallery,건축,명정,,vit_base_patch14_dinov2,dinov2_vit_base_patch14_timm_v1,768
57,raw_d2f0a2ca62,gallery/건축/명정/space10_4_7.jpg,/Users/ksc/python/cap_project/reranker/data/raw/gallery/건축/명정/space10_4_7.jpg,gallery,건축,명정,,vit_base_patch14_dinov2,dinov2_vit_base_patch14_timm_v1,768
58,raw_ad4baaeb29,gallery/건축/명정/명정.jpg,/Users/ksc/python/cap_project/reranker/data/raw/gallery/건축/명정/명정.jpg,gallery,건축,명정,,vit_base_patch14_dinov2,dinov2_vit_base_patch14_timm_v1,768
59,raw_34da4bc897,gallery/건축/몽몽미방/space7_1_1.jpg,/Users/ksc/python/cap_project/reranker/data/raw/gallery/건축/몽몽미방/space7_1_1.jpg,gallery,건축,몽몽미방,,vit_base_patch14_dinov2,dinov2_vit_base_patch14_timm_v1,768
60,raw_4b3c524f29,gallery/건축/몽몽미방/space7_1_2.jpg,/Users/ksc/python/cap_project/reranker/data/raw/gallery/건축/몽몽미방/space7_1_2.jpg,gallery,건축,몽몽미방,,vit_base_patch14_dinov2,dinov2_vit_base_patch14_timm_v1,768
61,raw_681edda32e,gallery/건축/몽몽미방/space7_1_3.jpg,/Users/ksc/python/cap_project/reranker/data/raw/gallery/건축/몽몽미방/space7_1_3.jpg,gallery,건축,몽몽미방,,vit_base_patch14_dinov2,dinov2_vit_base_patch14_timm_v1,768
62,raw_7f5320f89f,gallery/건축/몽몽미방/space7_3_1.jpg,/Users/ksc/python/cap_project/reranker/data/raw/gallery/건축/몽몽미방/space7_3_1.jpg,gallery,건축,몽몽미방,,vit_base_patch14_dinov2,dinov2_vit_base_patch14_timm_v1,768
63,raw_f960417590,gallery/건축/몽몽미방/space7_3_2.jpg,/Users/ksc/python/cap_project/reranker/data/raw/gallery/건축/몽몽미방/space7_3_2.jpg,gallery,건축,몽몽미방,,vit_base_patch14_dinov2,dinov2_vit_base_patch14_timm_v1,768
64,raw_0f37eb334a,gallery/건축/몽몽미방/space7_3_3.jpg,/Users/ksc/python/cap_project/reranker/data/raw/gallery/건축/몽몽미방/space7_3_3.jpg,gallery,건축,몽몽미방,,vit_base_patch14_dinov2,dinov2_vit_base_patch14_timm_v1,768
65,raw_19c9aa3ffa,gallery/건축/몽몽미방/space7_4_1.jpg,/Users/ksc/python/cap_project/reranker/data/raw/gallery/건축/몽몽미방/space7_4_1.jpg,gallery,건축,몽몽미방,,vit_base_patch14_dinov2,dinov2_vit_base_patch14_timm_v1,768
66,raw_e4033ce404,gallery/건축/몽몽미방/space7_4_2.jpg,/Users/ksc/python/cap_project/reranker/data/raw/gallery/건축/몽몽미방/space7_4_2.jpg,gallery,건축,몽몽미방,,vit_base_patch14_dinov2,dinov2_vit_base_patch14_timm_v1,768
67,raw_bd98826b6e,gallery/건축/몽몽미방/space7_4_3.jpg,/Users/ksc/python/cap_project/reranker/data/raw/gallery/건축/몽몽미방/space7_4_3.jpg,gallery,건축,몽몽미방,,vit_base_patch14_dinov2,dinov2_vit_base_patch14_timm_v1,768
68,raw_a80ee2ac82,gallery/건축/몽몽미방/space7_4_4.jpg,/Users/ksc/python/cap_project/reranker/data/raw/gallery/건축/몽몽미방/space7_4_4.jpg,gallery,건축,몽몽미방,,vit_base_patch14_dinov2,dinov2_vit_base_patch14_timm_v1,768
69,raw_4e6c171e96,gallery/건축/몽몽미방/space7_4_5.jpg,/Users/ksc/python/cap_project/reranker/data/raw/gallery/건축/몽몽미방/space7_4_5.jpg,gallery,건축,몽몽미방,,vit_base_patch14_dinov2,dinov2_vit_base_patch14_timm_v1,768
70,raw_448aa545e9,gallery/건축/몽몽미방/space7_4_6.jpg,/Users/ksc/python/cap_project/reranker/data/raw/gallery/건축/몽몽미방/space7_4_6.jpg,gallery,건축,몽몽미방,,vit_base_patch14_dinov2,dinov2_vit_base_patch14_timm_v1,768
71,raw_70729accac,gallery/건축/몽몽미방/space7_4_7.jpg,/Users/ksc/python/cap_project/reranker/data/raw/gallery/건축/몽몽미방/space7_4_7.jpg,gallery,건축,몽몽미방,,vit_base_patch14_dinov2,dinov2_vit_base_patch14_timm_v1,768
72,raw_572e8cc431,gallery/건축/몽몽미방/space7_4_8.jpg,/Users/ksc/python/cap_project/reranker/data/raw/gallery/건축/몽몽미방/space7_4_8.jpg,gallery,건축,몽몽미방,,vit_base_patch14_dinov2,dinov2_vit_base_patch14_timm_v1,768
73,raw_476995f1f8,gallery/건축/몽몽미방/사담.jpg,/Users/ksc/python/cap_project/reranker/data/raw/gallery/건축/몽몽미방/사담.jpg,gallery,건축,몽몽미방,,vit_base_patch14_dinov2,dinov2_vit_base_patch14_timm_v1,768
74,raw_df10c75c57,gallery/건축/소대/space12_1_2.jpg,/Users/ksc/python/cap_project/reranker/data/raw/gallery/건축/소대/space12_1_2.jpg,gallery,건축,소대,,vit_base_patch14_dinov2,dinov2_vit_base_patch14_timm_v1,768
75,raw_7b442fcf54,gallery/건축/소대/space12_1_3.jpg,/Users/ksc/python/cap_project/reranker/data/raw/gallery/건축/소대/space12_1_3.jpg,gallery,건축,소대,,vit_base_patch14_dinov2,dinov2_vit_base_patch14_timm_v1,768
76,raw_05886ac033,gallery/건축/소대/space12_3_1.jpg,/Users/ksc/python/cap_project/reranker/data/raw/gallery/건축/소대/space12_3_1.jpg,gallery,건축,소대,,vit_base_patch14_dinov2,dinov2_vit_base_patch14_timm_v1,768
77,raw_4d7ddf3045,gallery/건축/소대/space12_3_2.jpg,/Users/ksc/python/cap_project/reranker/data/raw/gallery/건축/소대/space12_3_2.jpg,gallery,건축,소대,,vit_base_patch14_dinov2,dinov2_vit_base_patch14_timm_v1,768
78,raw_36390c31f3,gallery/건축/소대/space12_3_3.jpg,/Users/ksc/python/cap_project/reranker/data/raw/gallery/건축/소대/space12_3_3.jpg,gallery,건축,소대,,vit_base_patch14_dinov2,dinov2_vit_base_patch14_timm_v1,768
79,raw_c01d2de4c0,gallery/건축/소대/space12_4_1.jpg,/Users/ksc/python/cap_project/reranker/data/raw/gallery/건축/소대/space12_4_1.jpg,gallery,건축,소대,,vit_base_patch14_dinov2,dinov2_vit_base_patch14_timm_v1,768
80,raw_1f83bfb714,gallery/건축/소대/space12_4_2.jpg,/Users/ksc/python/cap_project/reranker/data/raw/gallery/건축/소대/space12_4_2.jpg,gallery,건축,소대,,vit_base_patch14_dinov2,dinov2_vit_base_patch14_timm_v1,768
81,raw_adbcc4e82d,gallery/건축/소대/소대.jpg,/Users/ksc/python/cap_project/reranker/data/raw/gallery/건축/소대/소대.jpg,gallery,건축,소대,,vit_base_patch14_dinov2,dinov2_vit_base_patch14_timm_v1,768
82,raw_0c55ceb0d6,gallery/건축/소요헌/space3_1_2.jpg,/Users/ksc/python/cap_project/reranker/data/raw/gallery/건축/소요헌/space3_1_2.jpg,gallery,건축,소요헌,,vit_base_patch14_dinov2,dinov2_vit_base_patch14_timm_v1,768
83,raw_7669ab0f41,gallery/건축/소요헌/space3_1_3.jpg,/Users/ksc/python/cap_project/reranker/data/raw/gallery/건축/소요헌/space3_1_3.jpg,gallery,건축,소요헌,,vit_base_patch14_dinov2,dinov2_vit_base_patch14_timm_v1,768
84,raw_d9022526d3,gallery/건축/소요헌/space3_2.jpg,/Users/ksc/python/cap_project/reranker/data/raw/gallery/건축/소요헌/space3_2.jpg,gallery,건축,소요헌,,vit_base_patch14_dinov2,dinov2_vit_base_patch14_timm_v1,768
85,raw_dbff971c57,gallery/건축/소요헌/space3_3_1.jpg,/Users/ksc/python/cap_project/reranker/data/raw/gallery/건축/소요헌/space3_3_1.jpg,gallery,건축,소요헌,,vit_base_patch14_dinov2,dinov2_vit_base_patch14_timm_v1,768
86,raw_6235d6911c,gallery/건축/소요헌/space3_3_2.jpg,/Users/ksc/python/cap_project/reranker/data/raw/gallery/건축/소요헌/space3_3_2.jpg,gallery,건축,소요헌,,vit_base_patch14_dinov2,dinov2_vit_base_patch14_timm_v1,768
87,raw_9d4a2beade,gallery/건축/소요헌/space3_3_3.jpg,/Users/ksc/python/cap_project/reranker/data/raw/gallery/건축/소요헌/space3_3_3.jpg,gallery,건축,소요헌,,vit_base_patch14_dinov2,dinov2_vit_base_patch14_timm_v1,768
88,raw_2507ee3d61,gallery/건축/소요헌/space3_4_1.jpg,/Users/ksc/python/cap_project/reranker/data/raw/gallery/건축/소요헌/space3_4_1.jpg,gallery,건축,소요헌,,vit_base_patch14_dinov2,dinov2_vit_base_patch14_timm_v1,768
89,raw_06196affb7,gallery/건축/소요헌/space3_4_2.jpg,/Users/ksc/python/cap_project/reranker/data/raw/gallery/건축/소요헌/space3_4_2.jpg,gallery,건축,소요헌,,vit_base_patch14_dinov2,dinov2_vit_base_patch14_timm_v1,768
90,raw_393d36f0f3,gallery/건축/소요헌/space3_4_3.jpg,/Users/ksc/python/cap_project/reranker/data/raw/gallery/건축/소요헌/space3_4_3.jpg,gallery,건축,소요헌,,vit_base_patch14_dinov2,dinov2_vit_base_patch14_timm_v1,768
91,raw_0600563ca5,gallery/건축/소요헌/space3_4_4.jpg,/Users/ksc/python/cap_project/reranker/data/raw/gallery/건축/소요헌/space3_4_4.jpg,gallery,건축,소요헌,,vit_base_patch14_dinov2,dinov2_vit_base_patch14_timm_v1,768
92,raw_241fc7cc41,gallery/건축/소요헌/space3_4_5.jpg,/Users/ksc/python/cap_project/reranker/data/raw/gallery/건축/소요헌/space3_4_5.jpg,gallery,건축,소요헌,,vit_base_patch14_dinov2,dinov2_vit_base_patch14_timm_v1,768
93,raw_8c0863102b,gallery/건축/소요헌/space3_4_6.jpg,/Users/ksc/python/cap_project/reranker/data/raw/gallery/건축/소요헌/space3_4_6.jpg,gallery,건축,소요헌,,vit_base_patch14_dinov2,dinov2_vit_base_patch14_timm_v1,768
94,raw_3dd9d4dbb4,gallery/건축/소요헌/소요헌.jpg,/Users/ksc/python/cap_project/reranker/data/raw/gallery/건축/소요헌/소요헌.jpg,gallery,건축,소요헌,,vit_base_patch14_dinov2,dinov2_vit_base_patch14_timm_v1,768
95,raw_81f6126162,gallery/건축/심포니6/space18_1_1.jpg,/Users/ksc/python/cap_project/reranker/data/raw/gallery/건축/심포니6/space18_1_1.jpg,gallery,건축,심포니6,,vit_base_patch14_dinov2,dinov2_vit_base_patch14_timm_v1,768
96,raw_3458f4c869,gallery/건축/심포니6/space18_4_1.png,/Users/ksc/python/cap_project/reranker/data/raw/gallery/건축/심포니6/space18_4_1.png,gallery,건축,심포니6,,vit_base_patch14_dinov2,dinov2_vit_base_patch14_timm_v1,768
97,raw_faf2998d9e,gallery/건축/심포니6/space18_4_2.png,/Users/ksc/python/cap_project/reranker/data/raw/gallery/건축/심포니6/space18_4_2.png,gallery,건축,심포니6,,vit_base_patch14_dinov2,dinov2_vit_base_patch14_timm_v1,768
98,raw_f75d8b6c40,gallery/건축/심포니6/space18_4_3.png,/Users/ksc/python/cap_project/reranker/data/raw/gallery/건축/심포니6/space18_4_3.png,gallery,건축,심포니6,,vit_base_patch14_dinov2,dinov2_vit_base_patch14_timm_v1,768
99,raw_dbc4569a46,gallery/건축/와사/space6_1_1.jpg,/Users/ksc/python/cap_project/reranker/data/raw/gallery/건축/와사/space6_1_1.jpg,gallery,건축,와사,,vit_base_patch14_dinov2,dinov2_vit_base_patch14_timm_v1,768
100,raw_2c3293b2b9,gallery/건축/와사/space6_1_2.jpg,/Users/ksc/python/cap_project/reranker/data/raw/gallery/건축/와사/space6_1_2.jpg,gallery,건축,와사,,vit_base_patch14_dinov2,dinov2_vit_base_patch14_timm_v1,768
101,raw_7d9c212a70,gallery/건축/와사/space6_1_3.jpg,/Users/ksc/python/cap_project/reranker/data/raw/gallery/건축/와사/space6_1_3.jpg,gallery,건축,와사,,vit_base_patch14_dinov2,dinov2_vit_base_patch14_timm_v1,768
102,raw_4e39435909,gallery/건축/와사/space6_2.jpg,/Users/ksc/python/cap_project/reranker/data/raw/gallery/건축/와사/space6_2.jpg,gallery,건축,와사,,vit_base_patch14_dinov2,dinov2_vit_base_patch14_timm_v1,768
103,raw_4584fbd0b1,gallery/건축/와사/space6_3_1.jpg,/Users/ksc/python/cap_project/reranker/data/raw/gallery/건축/와사/space6_3_1.jpg,gallery,건축,와사,,vit_base_patch14_dinov2,dinov2_vit_base_patch14_timm_v1,768
104,raw_9ac74477e7,gallery/건축/와사/space6_3_2.jpg,/Users/ksc/python/cap_project/reranker/data/raw/gallery/건축/와사/space6_3_2.jpg,gallery,건축,와사,,vit_base_patch14_dinov2,dinov2_vit_base_patch14_timm_v1,768
105,raw_a676b111ec,gallery/건축/와사/space6_3_3.jpg,/Users/ksc/python/cap_project/reranker/data/raw/gallery/건축/와사/space6_3_3.jpg,gallery,건축,와사,,vit_base_patch14_dinov2,dinov2_vit_base_patch14_timm_v1,768
106,raw_da7cf8faa0,gallery/건축/와사/space6_4_1.jpg,/Users/ksc/python/cap_project/reranker/data/raw/gallery/건축/와사/space6_4_1.jpg,gallery,건축,와사,,vit_base_patch14_dinov2,dinov2_vit_base_patch14_timm_v1,768
107,raw_97eb3ef7cd,gallery/건축/와사/space6_4_10.jpg,/Users/ksc/python/cap_project/reranker/data/raw/gallery/건축/와사/space6_4_10.jpg,gallery,건축,와사,,vit_base_patch14_dinov2,dinov2_vit_base_patch14_timm_v1,768
108,raw_8f4fc79888,gallery/건축/와사/space6_4_2.jpg,/Users/ksc/python/cap_project/reranker/data/raw/gallery/건축/와사/space6_4_2.jpg,gallery,건축,와사,,vit_base_patch14_dinov2,dinov2_vit_base_patch14_timm_v1,768
109,raw_171a797d54,gallery/건축/와사/space6_4_3.jpg,/Users/ksc/python/cap_project/reranker/data/raw/gallery/건축/와사/space6_4_3.jpg,gallery,건축,와사,,vit_base_patch14_dinov2,dinov2_vit_base_patch14_timm_v1,768
110,raw_193c686424,gallery/건축/와사/space6_4_4.jpg,/Users/ksc/python/cap_project/reranker/data/raw/gallery/건축/와사/space6_4_4.jpg,gallery,건축,와사,,vit_base_patch14_dinov2,dinov2_vit_base_patch14_timm_v1,768
111,raw_d1b48c4dcb,gallery/건축/와사/space6_4_5.jpg,/Users/ksc/python/cap_project/reranker/data/raw/gallery/건축/와사/space6_4_5.jpg,gallery,건축,와사,,vit_base_patch14_dinov2,dinov2_vit_base_patch14_timm_v1,768
112,raw_fd605cb0e0,gallery/건축/와사/space6_4_6.jpg,/Users/ksc/python/cap_project/reranker/data/raw/gallery/건축/와사/space6_4_6.jpg,gallery,건축,와사,,vit_base_patch14_dinov2,dinov2_vit_base_patch14_timm_v1,768
113,raw_277a82318c,gallery/건축/와사/space6_4_7.jpg,/Users/ksc/python/cap_project/reranker/data/raw/gallery/건축/와사/space6_4_7.jpg,gallery,건축,와사,,vit_base_patch14_dinov2,dinov2_vit_base_patch14_timm_v1,768
114,raw_bfd9e19ca6,gallery/건축/와사/space6_4_8.jpg,/Users/ksc/python/cap_project/reranker/data/raw/gallery/건축/와사/space6_4_8.jpg,gallery,건축,와사,,vit_base_patch14_dinov2,dinov2_vit_base_patch14_timm_v1,768
115,raw_38bfd0e4cd,gallery/건축/와사/space6_4_9.jpg,/Users/ksc/python/cap_project/reranker/data/raw/gallery/건축/와사/space6_4_9.jpg,gallery,건축,와사,,vit_base_patch14_dinov2,dinov2_vit_base_patch14_timm_v1,768
116,raw_753ca68d2d,gallery/건축/유원/space5_1_2.jpg,/Users/ksc/python/cap_project/reranker/data/raw/gallery/건축/유원/space5_1_2.jpg,gallery,건축,유원,,vit_base_patch14_dinov2,dinov2_vit_base_patch14_timm_v1,768
117,raw_553035c3d0,gallery/건축/유원/space5_1_3.jpg,/Users/ksc/python/cap_project/reranker/data/raw/gallery/건축/유원/space5_1_3.jpg,gallery,건축,유원,,vit_base_patch14_dinov2,dinov2_vit_base_patch14_timm_v1,768
118,raw_119374cda9,gallery/건축/유원/space5_2.jpg,/Users/ksc/python/cap_project/reranker/data/raw/gallery/건축/유원/space5_2.jpg,gallery,건축,유원,,vit_base_patch14_dinov2,dinov2_vit_base_patch14_timm_v1,768
119,raw_6b174f2b03,gallery/건축/유원/space5_3_1.jpg,/Users/ksc/python/cap_project/reranker/data/raw/gallery/건축/유원/space5_3_1.jpg,gallery,건축,유원,,vit_base_patch14_dinov2,dinov2_vit_base_patch14_timm_v1,768
120,raw_22d63fd86a,gallery/건축/유원/space5_3_2.jpg,/Users/ksc/python/cap_project/reranker/data/raw/gallery/건축/유원/space5_3_2.jpg,gallery,건축,유원,,vit_base_patch14_dinov2,dinov2_vit_base_patch14_timm_v1,768
121,raw_735aba25cc,gallery/건축/유원/space5_3_3.jpg,/Users/ksc/python/cap_project/reranker/data/raw/gallery/건축/유원/space5_3_3.jpg,gallery,건축,유원,,vit_base_patch14_dinov2,dinov2_vit_base_patch14_timm_v1,768
122,raw_9d0d132603,gallery/건축/유원/space5_4_1.jpg,/Users/ksc/python/cap_project/reranker/data/raw/gallery/건축/유원/space5_4_1.jpg,gallery,건축,유원,,vit_base_patch14_dinov2,dinov2_vit_base_patch14_timm_v1,768
123,raw_79cf8a5201,gallery/건축/유원/space5_4_2.jpg,/Users/ksc/python/cap_project/reranker/data/raw/gallery/건축/유원/space5_4_2.jpg,gallery,건축,유원,,vit_base_patch14_dinov2,dinov2_vit_base_patch14_timm_v1,768
124,raw_61fc86118e,gallery/건축/유원/space5_4_3.jpg,/Users/ksc/python/cap_project/reranker/data/raw/gallery/건축/유원/space5_4_3.jpg,gallery,건축,유원,,vit_base_patch14_dinov2,dinov2_vit_base_patch14_timm_v1,768
125,raw_f60ec3a3b4,gallery/건축/유원/space5_4_4.jpg,/Users/ksc/python/cap_project/reranker/data/raw/gallery/건축/유원/space5_4_4.jpg,gallery,건축,유원,,vit_base_patch14_dinov2,dinov2_vit_base_patch14_timm_v1,768
126,raw_e72560847a,gallery/건축/유원/유원.jpg,/Users/ksc/python/cap_project/reranker/data/raw/gallery/건축/유원/유원.jpg,gallery,건축,유원,,vit_base_patch14_dinov2,dinov2_vit_base_patch14_timm_v1,768
127,raw_98543903d0,gallery/건축/첨단/space8_1_2.jpg,/Users/ksc/python/cap_project/reranker/data/raw/gallery/건축/첨단/space8_1_2.jpg,gallery,건축,첨단,,vit_base_patch14_dinov2,dinov2_vit_base_patch14_timm_v1,768
128,raw_0fb9f9df71,gallery/건축/첨단/space8_1_3.jpg,/Users/ksc/python/cap_project/reranker/data/raw/gallery/건축/첨단/space8_1_3.jpg,gallery,건축,첨단,,vit_base_patch14_dinov2,dinov2_vit_base_patch14_timm_v1,768
129,raw_2d2dd65cb0,gallery/건축/첨단/space8_3_1.jpg,/Users/ksc/python/cap_project/reranker/data/raw/gallery/건축/첨단/space8_3_1.jpg,gallery,건축,첨단,,vit_base_patch14_dinov2,dinov2_vit_base_patch14_timm_v1,768
130,raw_29a21d3e23,gallery/건축/첨단/space8_3_2.jpg,/Users/ksc/python/cap_project/reranker/data/raw/gallery/건축/첨단/space8_3_2.jpg,gallery,건축,첨단,,vit_base_patch14_dinov2,dinov2_vit_base_patch14_timm_v1,768
131,raw_af7ef5a4c3,gallery/건축/첨단/space8_3_3.jpg,/Users/ksc/python/cap_project/reranker/data/raw/gallery/건축/첨단/space8_3_3.jpg,gallery,건축,첨단,,vit_base_patch14_dinov2,dinov2_vit_base_patch14_timm_v1,768
132,raw_57172a5332,gallery/건축/첨단/space8_4_1.jpg,/Users/ksc/python/cap_project/reranker/data/raw/gallery/건축/첨단/space8_4_1.jpg,gallery,건축,첨단,,vit_base_patch14_dinov2,dinov2_vit_base_patch14_timm_v1,768
133,raw_7400374ac0,gallery/건축/첨단/space8_4_2.jpg,/Users/ksc/python/cap_project/reranker/data/raw/gallery/건축/첨단/space8_4_2.jpg,gallery,건축,첨단,,vit_base_patch14_dinov2,dinov2_vit_base_patch14_timm_v1,768
134,raw_ade5896e2e,gallery/건축/첨단/space8_4_3.jpg,/Users/ksc/python/cap_project/reranker/data/raw/gallery/건축/첨단/space8_4_3.jpg,gallery,건축,첨단,,vit_base_patch14_dinov2,dinov2_vit_base_patch14_timm_v1,768
135,raw_c2e785628f,gallery/건축/첨단/space8_4_4.jpg,/Users/ksc/python/cap_project/reranker/data/raw/gallery/건축/첨단/space8_4_4.jpg,gallery,건축,첨단,,vit_base_patch14_dinov2,dinov2_vit_base_patch14_timm_v1,768
136,raw_1defb878d0,gallery/건축/첨단/space8_4_5.jpg,/Users/ksc/python/cap_project/reranker/data/raw/gallery/건축/첨단/space8_4_5.jpg,gallery,건축,첨단,,vit_base_patch14_dinov2,dinov2_vit_base_patch14_timm_v1,768
137,raw_8e8d7c0343,gallery/건축/첨단/첨단.jpg,/Users/ksc/python/cap_project/reranker/data/raw/gallery/건축/첨단/첨단.jpg,gallery,건축,첨단,,vit_base_patch14_dinov2,dinov2_vit_base_patch14_timm_v1,768
138,raw_3431004177,gallery/건축/현암/space1_1_2.jpg,/Users/ksc/python/cap_project/reranker/data/raw/gallery/건축/현암/space1_1_2.jpg,gallery,건축,현암,,vit_base_patch14_dinov2,dinov2_vit_base_patch14_timm_v1,768
139,raw_2315024885,gallery/건축/현암/space1_1_3.jpg,/Users/ksc/python/cap_project/reranker/data/raw/gallery/건축/현암/space1_1_3.jpg,gallery,건축,현암,,vit_base_patch14_dinov2,dinov2_vit_base_patch14_timm_v1,768
140,raw_2eaf462c16,gallery/건축/현암/space1_2.jpg,/Users/ksc/python/cap_project/reranker/data/raw/gallery/건축/현암/space1_2.jpg,gallery,건축,현암,,vit_base_patch14_dinov2,dinov2_vit_base_patch14_timm_v1,768
141,raw_2a834b6409,gallery/건축/현암/space1_3_1.jpg,/Users/ksc/python/cap_project/reranker/data/raw/gallery/건축/현암/space1_3_1.jpg,gallery,건축,현암,,vit_base_patch14_dinov2,dinov2_vit_base_patch14_timm_v1,768
142,raw_f15bbab562,gallery/건축/현암/space1_3_2.jpg,/Users/ksc/python/cap_project/reranker/data/raw/gallery/건축/현암/space1_3_2.jpg,gallery,건축,현암,,vit_base_patch14_dinov2,dinov2_vit_base_patch14_timm_v1,768
143,raw_03979ecf06,gallery/건축/현암/space1_3_3.jpg,/Users/ksc/python/cap_project/reranker/data/raw/gallery/건축/현암/space1_3_3.jpg,gallery,건축,현암,,vit_base_patch14_dinov2,dinov2_vit_base_patch14_timm_v1,768
144,raw_a2c7f6c5ab,gallery/건축/현암/space1_4_1.jpg,/Users/ksc/python/cap_project/reranker/data/raw/gallery/건축/현암/space1_4_1.jpg,gallery,건축,현암,,vit_base_patch14_dinov2,dinov2_vit_base_patch14_timm_v1,768
145,raw_d3c8b787fd,gallery/건축/현암/space1_4_2.jpg,/Users/ksc/python/cap_project/reranker/data/raw/gallery/건축/현암/space1_4_2.jpg,gallery,건축,현암,,vit_base_patch14_dinov2,dinov2_vit_base_patch14_timm_v1,768
146,raw_5125ef7307,gallery/건축/현암/space1_4_3.jpg,/Users/ksc/python/cap_project/reranker/data/raw/gallery/건축/현암/space1_4_3.jpg,gallery,건축,현암,,vit_base_patch14_dinov2,dinov2_vit_base_patch14_timm_v1,768
147,raw_3abab99064,gallery/건축/현암/space1_4_4.jpg,/Users/ksc/python/cap_project/reranker/data/raw/gallery/건축/현암/space1_4_4.jpg,gallery,건축,현암,,vit_base_patch14_dinov2,dinov2_vit_base_patch14_timm_v1,768
148,raw_e2e9473748,gallery/건축/현암/space1_4_5.jpg,/Users/ksc/python/cap_project/reranker/data/raw/gallery/건축/현암/space1_4_5.jpg,gallery,건축,현암,,vit_base_patch14_dinov2,dinov2_vit_base_patch14_timm_v1,768
149,raw_8d5bb10a16,gallery/건축/현암/space1_4_6.jpg,/Users/ksc/python/cap_project/reranker/data/raw/gallery/건축/현암/space1_4_6.jpg,gallery,건축,현암,,vit_base_patch14_dinov2,dinov2_vit_base_patch14_timm_v1,768
150,raw_4ba2527ff7,gallery/건축/현암/space1_4_7.jpg,/Users/ksc/python/cap_project/reranker/data/raw/gallery/건축/현암/space1_4_7.jpg,gallery,건축,현암,,vit_base_patch14_dinov2,dinov2_vit_base_patch14_timm_v1,768
151,raw_5d1b1c714f,gallery/건축/현암/현암.jpg,/Users/ksc/python/cap_project/reranker/data/raw/gallery/건축/현암/현암.jpg,gallery,건축,현암,,vit_base_patch14_dinov2,dinov2_vit_base_patch14_timm_v1,768
152,raw_ea42a7592c,gallery/정원/몽몽미방/space7_1_1.jpg,/Users/ksc/python/cap_project/reranker/data/raw/gallery/정원/몽몽미방/space7_1_1.jpg,gallery,정원,몽몽미방,,vit_base_patch14_dinov2,dinov2_vit_base_patch14_timm_v1,768
153,raw_cad8298a7b,gallery/정원/몽몽미방/space7_1_2.jpg,/Users/ksc/python/cap_project/reranker/data/raw/gallery/정원/몽몽미방/space7_1_2.jpg,gallery,정원,몽몽미방,,vit_base_patch14_dinov2,dinov2_vit_base_patch14_timm_v1,768
154,raw_c2c0208981,gallery/정원/몽몽미방/space7_1_3.jpg,/Users/ksc/python/cap_project/reranker/data/raw/gallery/정원/몽몽미방/space7_1_3.jpg,gallery,정원,몽몽미방,,vit_base_patch14_dinov2,dinov2_vit_base_patch14_timm_v1,768
155,raw_e271fa38ea,gallery/정원/몽몽미방/space7_3_1.jpg,/Users/ksc/python/cap_project/reranker/data/raw/gallery/정원/몽몽미방/space7_3_1.jpg,gallery,정원,몽몽미방,,vit_base_patch14_dinov2,dinov2_vit_base_patch14_timm_v1,768
156,raw_6e52d00c71,gallery/정원/몽몽미방/space7_3_2.jpg,/Users/ksc/python/cap_project/reranker/data/raw/gallery/정원/몽몽미방/space7_3_2.jpg,gallery,정원,몽몽미방,,vit_base_patch14_dinov2,dinov2_vit_base_patch14_timm_v1,768
157,raw_c3f434c77f,gallery/정원/몽몽미방/space7_3_3.jpg,/Users/ksc/python/cap_project/reranker/data/raw/gallery/정원/몽몽미방/space7_3_3.jpg,gallery,정원,몽몽미방,,vit_base_patch14_dinov2,dinov2_vit_base_patch14_timm_v1,768
158,raw_b37dfe627b,gallery/정원/몽몽미방/space7_4_1.jpg,/Users/ksc/python/cap_project/reranker/data/raw/gallery/정원/몽몽미방/space7_4_1.jpg,gallery,정원,몽몽미방,,vit_base_patch14_dinov2,dinov2_vit_base_patch14_timm_v1,768
159,raw_8883bfdaec,gallery/정원/몽몽미방/space7_4_2.jpg,/Users/ksc/python/cap_project/reranker/data/raw/gallery/정원/몽몽미방/space7_4_2.jpg,gallery,정원,몽몽미방,,vit_base_patch14_dinov2,dinov2_vit_base_patch14_timm_v1,768
160,raw_a1ad23ca7a,gallery/정원/몽몽미방/space7_4_3.jpg,/Users/ksc/python/cap_project/reranker/data/raw/gallery/정원/몽몽미방/space7_4_3.jpg,gallery,정원,몽몽미방,,vit_base_patch14_dinov2,dinov2_vit_base_patch14_timm_v1,768
161,raw_355f229fb9,gallery/정원/몽몽미방/space7_4_4.jpg,/Users/ksc/python/cap_project/reranker/data/raw/gallery/정원/몽몽미방/space7_4_4.jpg,gallery,정원,몽몽미방,,vit_base_patch14_dinov2,dinov2_vit_base_patch14_timm_v1,768
162,raw_d3b6daf541,gallery/정원/몽몽미방/space7_4_5.jpg,/Users/ksc/python/cap_project/reranker/data/raw/gallery/정원/몽몽미방/space7_4_5.jpg,gallery,정원,몽몽미방,,vit_base_patch14_dinov2,dinov2_vit_base_patch14_timm_v1,768
163,raw_4729f47a32,gallery/정원/몽몽미방/space7_4_6.jpg,/Users/ksc/python/cap_project/reranker/data/raw/gallery/정원/몽몽미방/space7_4_6.jpg,gallery,정원,몽몽미방,,vit_base_patch14_dinov2,dinov2_vit_base_patch14_timm_v1,768
164,raw_3b4c5ad14b,gallery/정원/몽몽미방/space7_4_7.jpg,/Users/ksc/python/cap_project/reranker/data/raw/gallery/정원/몽몽미방/space7_4_7.jpg,gallery,정원,몽몽미방,,vit_base_patch14_dinov2,dinov2_vit_base_patch14_timm_v1,768
165,raw_a820c309c8,gallery/정원/몽몽미방/space7_4_8.jpg,/Users/ksc/python/cap_project/reranker/data/raw/gallery/정원/몽몽미방/space7_4_8.jpg,gallery,정원,몽몽미방,,vit_base_patch14_dinov2,dinov2_vit_base_patch14_timm_v1,768
166,raw_9b34fc0214,gallery/정원/별유동천/space9_1_1.jpg,/Users/ksc/python/cap_project/reranker/data/raw/gallery/정원/별유동천/space9_1_1.jpg,gallery,정원,별유동천,,vit_base_patch14_dinov2,dinov2_vit_base_patch14_timm_v1,768
167,raw_e1064a803d,gallery/정원/별유동천/space9_1_2.jpg,/Users/ksc/python/cap_project/reranker/data/raw/gallery/정원/별유동천/space9_1_2.jpg,gallery,정원,별유동천,,vit_base_patch14_dinov2,dinov2_vit_base_patch14_timm_v1,768
168,raw_04cecb0a9c,gallery/정원/별유동천/space9_1_3.jpg,/Users/ksc/python/cap_project/reranker/data/raw/gallery/정원/별유동천/space9_1_3.jpg,gallery,정원,별유동천,,vit_base_patch14_dinov2,dinov2_vit_base_patch14_timm_v1,768
169,raw_196db5534d,gallery/정원/별유동천/space9_3_1.jpg,/Users/ksc/python/cap_project/reranker/data/raw/gallery/정원/별유동천/space9_3_1.jpg,gallery,정원,별유동천,,vit_base_patch14_dinov2,dinov2_vit_base_patch14_timm_v1,768
170,raw_01bb458dde,gallery/정원/별유동천/space9_3_2.jpg,/Users/ksc/python/cap_project/reranker/data/raw/gallery/정원/별유동천/space9_3_2.jpg,gallery,정원,별유동천,,vit_base_patch14_dinov2,dinov2_vit_base_patch14_timm_v1,768
171,raw_d206795824,gallery/정원/별유동천/space9_3_3.jpg,/Users/ksc/python/cap_project/reranker/data/raw/gallery/정원/별유동천/space9_3_3.jpg,gallery,정원,별유동천,,vit_base_patch14_dinov2,dinov2_vit_base_patch14_timm_v1,768
172,raw_780275f394,gallery/정원/별유동천/space9_4_1.jpg,/Users/ksc/python/cap_project/reranker/data/raw/gallery/정원/별유동천/space9_4_1.jpg,gallery,정원,별유동천,,vit_base_patch14_dinov2,dinov2_vit_base_patch14_timm_v1,768
173,raw_5714fe4daf,gallery/정원/별유동천/space9_4_2.jpg,/Users/ksc/python/cap_project/reranker/data/raw/gallery/정원/별유동천/space9_4_2.jpg,gallery,정원,별유동천,,vit_base_patch14_dinov2,dinov2_vit_base_patch14_timm_v1,768
174,raw_e6b27b849a,gallery/정원/별유동천/space9_4_3.jpg,/Users/ksc/python/cap_project/reranker/data/raw/gallery/정원/별유동천/space9_4_3.jpg,gallery,정원,별유동천,,vit_base_patch14_dinov2,dinov2_vit_base_patch14_timm_v1,768
175,raw_39a0295efc,gallery/정원/유원/space5_1_1.jpg,/Users/ksc/python/cap_project/reranker/data/raw/gallery/정원/유원/space5_1_1.jpg,gallery,정원,유원,,vit_base_patch14_dinov2,dinov2_vit_base_patch14_timm_v1,768
176,raw_b98628fee3,gallery/정원/유원/space5_1_2.jpg,/Users/ksc/python/cap_project/reranker/data/raw/gallery/정원/유원/space5_1_2.jpg,gallery,정원,유원,,vit_base_patch14_dinov2,dinov2_vit_base_patch14_timm_v1,768
177,raw_6e478a1722,gallery/정원/유원/space5_1_3.jpg,/Users/ksc/python/cap_project/reranker/data/raw/gallery/정원/유원/space5_1_3.jpg,gallery,정원,유원,,vit_base_patch14_dinov2,dinov2_vit_base_patch14_timm_v1,768
178,raw_09572549a0,gallery/정원/유원/space5_2.jpg,/Users/ksc/python/cap_project/reranker/data/raw/gallery/정원/유원/space5_2.jpg,gallery,정원,유원,,vit_base_patch14_dinov2,dinov2_vit_base_patch14_timm_v1,768
179,raw_54a74aeb35,gallery/정원/유원/space5_3_1.jpg,/Users/ksc/python/cap_project/reranker/data/raw/gallery/정원/유원/space5_3_1.jpg,gallery,정원,유원,,vit_base_patch14_dinov2,dinov2_vit_base_patch14_timm_v1,768
180,raw_41179036b8,gallery/정원/유원/space5_3_2.jpg,/Users/ksc/python/cap_project/reranker/data/raw/gallery/정원/유원/space5_3_2.jpg,gallery,정원,유원,,vit_base_patch14_dinov2,dinov2_vit_base_patch14_timm_v1,768
181,raw_9023fae473,gallery/정원/유원/space5_3_3.jpg,/Users/ksc/python/cap_project/reranker/data/raw/gallery/정원/유원/space5_3_3.jpg,gallery,정원,유원,,vit_base_patch14_dinov2,dinov2_vit_base_patch14_timm_v1,768
182,raw_5ed5b2d6c4,gallery/정원/유원/space5_4_1.jpg,/Users/ksc/python/cap_project/reranker/data/raw/gallery/정원/유원/space5_4_1.jpg,gallery,정원,유원,,vit_base_patch14_dinov2,dinov2_vit_base_patch14_timm_v1,768
183,raw_3375f5ca20,gallery/정원/유원/space5_4_2.jpg,/Users/ksc/python/cap_project/reranker/data/raw/gallery/정원/유원/space5_4_2.jpg,gallery,정원,유원,,vit_base_patch14_dinov2,dinov2_vit_base_patch14_timm_v1,768
184,raw_b9b0d9734b,gallery/정원/유원/space5_4_3.jpg,/Users/ksc/python/cap_project/reranker/data/raw/gallery/정원/유원/space5_4_3.jpg,gallery,정원,유원,,vit_base_patch14_dinov2,dinov2_vit_base_patch14_timm_v1,768
185,raw_ab1479ebb7,gallery/정원/유원/space5_4_4.jpg,/Users/ksc/python/cap_project/reranker/data/raw/gallery/정원/유원/space5_4_4.jpg,gallery,정원,유원,,vit_base_patch14_dinov2,dinov2_vit_base_patch14_timm_v1,768
186,raw_7f1ff1b54d,gallery/정원/풍설기천년/space2_1_1.jpg,/Users/ksc/python/cap_project/reranker/data/raw/gallery/정원/풍설기천년/space2_1_1.jpg,gallery,정원,풍설기천년,,vit_base_patch14_dinov2,dinov2_vit_base_patch14_timm_v1,768
187,raw_31b278973b,gallery/정원/풍설기천년/space2_1_2.jpg,/Users/ksc/python/cap_project/reranker/data/raw/gallery/정원/풍설기천년/space2_1_2.jpg,gallery,정원,풍설기천년,,vit_base_patch14_dinov2,dinov2_vit_base_patch14_timm_v1,768
188,raw_4b11a22112,gallery/정원/풍설기천년/space2_1_3.jpg,/Users/ksc/python/cap_project/reranker/data/raw/gallery/정원/풍설기천년/space2_1_3.jpg,gallery,정원,풍설기천년,,vit_base_patch14_dinov2,dinov2_vit_base_patch14_timm_v1,768
189,raw_721e07ba0a,gallery/정원/풍설기천년/space2_3_1.jpg,/Users/ksc/python/cap_project/reranker/data/raw/gallery/정원/풍설기천년/space2_3_1.jpg,gallery,정원,풍설기천년,,vit_base_patch14_dinov2,dinov2_vit_base_patch14_timm_v1,768
190,raw_8deb1c497d,gallery/정원/풍설기천년/space2_3_2.jpg,/Users/ksc/python/cap_project/reranker/data/raw/gallery/정원/풍설기천년/space2_3_2.jpg,gallery,정원,풍설기천년,,vit_base_patch14_dinov2,dinov2_vit_base_patch14_timm_v1,768
191,raw_43da7424b1,gallery/정원/풍설기천년/space2_3_3.jpg,/Users/ksc/python/cap_project/reranker/data/raw/gallery/정원/풍설기천년/space2_3_3.jpg,gallery,정원,풍설기천년,,vit_base_patch14_dinov2,dinov2_vit_base_patch14_timm_v1,768
192,raw_0c5ae66373,gallery/정원/풍설기천년/space2_4_1.jpg,/Users/ksc/python/cap_project/reranker/data/raw/gallery/정원/풍설기천년/space2_4_1.jpg,gallery,정원,풍설기천년,,vit_base_patch14_dinov2,dinov2_vit_base_patch14_timm_v1,768
193,raw_127ff12ddb,gallery/정원/풍설기천년/space2_4_2.jpg,/Users/ksc/python/cap_project/reranker/data/raw/gallery/정원/풍설기천년/space2_4_2.jpg,gallery,정원,풍설기천년,,vit_base_patch14_dinov2,dinov2_vit_base_patch14_timm_v1,768
194,raw_1c06d4ca44,gallery/정원/풍설기천년/space2_4_3.jpg,/Users/ksc/python/cap_project/reranker/data/raw/gallery/정원/풍설기천년/space2_4_3.jpg,gallery,정원,풍설기천년,,vit_base_patch14_dinov2,dinov2_vit_base_patch14_timm_v1,768
195,raw_50d3d9c9da,gallery/정원/풍설기천년/space2_4_4.jpg,/Users/ksc/python/cap_project/reranker/data/raw/gallery/정원/풍설기천년/space2_4_4.jpg,gallery,정원,풍설기천년,,vit_base_patch14_dinov2,dinov2_vit_base_patch14_timm_v1,768
196,raw_f87d58016b,gallery/정원/한유시경/space11_1_1.jpg,/Users/ksc/python/cap_project/reranker/data/raw/gallery/정원/한유시경/space11_1_1.jpg,gallery,정원,한유시경,,vit_base_patch14_dinov2,dinov2_vit_base_patch14_timm_v1,768
197,raw_f498b200b1,gallery/정원/한유시경/space11_1_2.jpg,/Users/ksc/python/cap_project/reranker/data/raw/gallery/정원/한유시경/space11_1_2.jpg,gallery,정원,한유시경,,vit_base_patch14_dinov2,dinov2_vit_base_patch14_timm_v1,768
198,raw_fd879d0e4e,gallery/정원/한유시경/space11_1_3.jpg,/Users/ksc/python/cap_project/reranker/data/raw/gallery/정원/한유시경/space11_1_3.jpg,gallery,정원,한유시경,,vit_base_patch14_dinov2,dinov2_vit_base_patch14_timm_v1,768
199,raw_fa45cf89ab,gallery/정원/한유시경/space11_3_1.jpg,/Users/ksc/python/cap_project/reranker/data/raw/gallery/정원/한유시경/space11_3_1.jpg,gallery,정원,한유시경,,vit_base_patch14_dinov2,dinov2_vit_base_patch14_timm_v1,768
200,raw_3a5d8f8832,gallery/정원/한유시경/space11_3_2.jpg,/Users/ksc/python/cap_project/reranker/data/raw/gallery/정원/한유시경/space11_3_2.jpg,gallery,정원,한유시경,,vit_base_patch14_dinov2,dinov2_vit_base_patch14_timm_v1,768
201,raw_66d595ed3e,gallery/정원/한유시경/space11_3_3.jpg,/Users/ksc/python/cap_project/reranker/data/raw/gallery/정원/한유시경/space11_3_3.jpg,gallery,정원,한유시경,,vit_base_patch14_dinov2,dinov2_vit_base_patch14_timm_v1,768
202,raw_5c8d450b98,gallery/정원/한유시경/space11_4_1.jpg,/Users/ksc/python/cap_project/reranker/data/raw/gallery/정원/한유시경/space11_4_1.jpg,gallery,정원,한유시경,,vit_base_patch14_dinov2,dinov2_vit_base_patch14_timm_v1,768
203,raw_9c2d4a4a0c,gallery/정원/한유시경/space11_4_2.jpg,/Users/ksc/python/cap_project/reranker/data/raw/gallery/정원/한유시경/space11_4_2.jpg,gallery,정원,한유시경,,vit_base_patch14_dinov2,dinov2_vit_base_patch14_timm_v1,768
204,raw_6b7da5b76b,gallery/정원/한유시경/space11_4_3.jpg,/Users/ksc/python/cap_project/reranker/data/raw/gallery/정원/한유시경/space11_4_3.jpg,gallery,정원,한유시경,,vit_base_patch14_dinov2,dinov2_vit_base_patch14_timm_v1,768
205,raw_1706a44540,gallery/치허문.jpg,/Users/ksc/python/cap_project/reranker/data/raw/gallery/치허문.jpg,gallery,gallery_root,치허문,,vit_base_patch14_dinov2,dinov2_vit_base_patch14_timm_v1,768
